{
    "MEGCoordinateSystem": "ElektaNeuromag",
    "MEGCoordinateUnits": "m",
    "MEGCoordinateSystemDescription": "RAS orientation and the origin between the ears",
    "HeadCoilCoordinates": {
        "NAS": [
            2.3418766925686896e-17,
            0.09165941178798676,
            0.0
        ],
        "LPA": [
            -0.0645017996430397,
            -1.6408981988922648e-17,
            0.0
        ],
        "RPA": [
            0.06995771080255508,
            1.782610946870972e-17,
            0.0
        ],
        "coil1": [
            -0.06482486426830292,
            0.007493705488741398,
            -0.002099999925121665
        ],
        "coil2": [
            0.06548409909009933,
            0.0057694693095982075,
            -0.00419999985024333
        ],
        "coil3": [
            -0.0014178245328366756,
            0.10232195258140564,
            0.0406000018119812
        ],
        "coil4": [
            -0.038047440350055695,
            0.08932651579380035,
            0.039000000804662704
        ],
        "coil5": [
            0.03425506874918938,
            0.09367935359477997,
            0.04270000010728836
        ]
    },
    "HeadCoilCoordinateSystem": "ElektaNeuromag",
    "HeadCoilCoordinateUnits": "m",
    "AnatomicalLandmarkCoordinates": {
        "NAS": [
            2.3418766925686896e-17,
            0.09165941178798676,
            0.0
        ],
        "LPA": [
            -0.0645017996430397,
            -1.6408981988922648e-17,
            0.0
        ],
        "RPA": [
            0.06995771080255508,
            1.782610946870972e-17,
            0.0
        ],
        "coil1": [
            -0.06482486426830292,
            0.007493705488741398,
            -0.002099999925121665
        ],
        "coil2": [
            0.06548409909009933,
            0.0057694693095982075,
            -0.00419999985024333
        ],
        "coil3": [
            -0.0014178245328366756,
            0.10232195258140564,
            0.0406000018119812
        ],
        "coil4": [
            -0.038047440350055695,
            0.08932651579380035,
            0.039000000804662704
        ],
        "coil5": [
            0.03425506874918938,
            0.09367935359477997,
            0.04270000010728836
        ]
    },
    "AnatomicalLandmarkCoordinateSystem": "ElektaNeuromag",
    "AnatomicalLandmarkCoordinateUnits": "m"
}
