{
    "MEGCoordinateSystem": "ElektaNeuromag",
    "MEGCoordinateUnits": "m",
    "MEGCoordinateSystemDescription": "RAS orientation and the origin between the ears",
    "HeadCoilCoordinates": {
        "NAS": [
            8.890457814381136e-18,
            0.0946999117732048,
            0.0
        ],
        "LPA": [
            -0.07322961837053299,
            -6.8668282745803835e-18,
            0.0
        ],
        "RPA": [
            0.07297051697969437,
            6.825407618997097e-18,
            0.0
        ],
        "coil1": [
            -0.07011950016021729,
            0.007395752239972353,
            -0.003700000001117587
        ],
        "coil2": [
            0.07148201018571854,
            0.008402043953537941,
            -0.006000000052154064
        ],
        "coil3": [
            -0.002885496709495783,
            0.10530386865139008,
            0.04320000112056732
        ],
        "coil4": [
            -0.03999941423535347,
            0.09515462815761566,
            0.04039999842643738
        ],
        "coil5": [
            0.03380544111132622,
            0.09865366667509079,
            0.041600000113248825
        ]
    },
    "HeadCoilCoordinateSystem": "ElektaNeuromag",
    "HeadCoilCoordinateUnits": "m",
    "AnatomicalLandmarkCoordinates": {
        "NAS": [
            8.890457814381136e-18,
            0.0946999117732048,
            0.0
        ],
        "LPA": [
            -0.07322961837053299,
            -6.8668282745803835e-18,
            0.0
        ],
        "RPA": [
            0.07297051697969437,
            6.825407618997097e-18,
            0.0
        ],
        "coil1": [
            -0.07011950016021729,
            0.007395752239972353,
            -0.003700000001117587
        ],
        "coil2": [
            0.07148201018571854,
            0.008402043953537941,
            -0.006000000052154064
        ],
        "coil3": [
            -0.002885496709495783,
            0.10530386865139008,
            0.04320000112056732
        ],
        "coil4": [
            -0.03999941423535347,
            0.09515462815761566,
            0.04039999842643738
        ],
        "coil5": [
            0.03380544111132622,
            0.09865366667509079,
            0.041600000113248825
        ]
    },
    "AnatomicalLandmarkCoordinateSystem": "ElektaNeuromag",
    "AnatomicalLandmarkCoordinateUnits": "m"
}
