{
    "MEGCoordinateSystem": "ElektaNeuromag",
    "MEGCoordinateUnits": "m",
    "MEGCoordinateSystemDescription": "RAS orientation and the origin between the ears",
    "HeadCoilCoordinates": {
        "NAS": [
            -1.0408340855860843e-17,
            0.08607983589172363,
            0.0
        ],
        "LPA": [
            -0.07117943465709686,
            8.51795935939442e-18,
            0.0
        ],
        "RPA": [
            0.06745303422212601,
            -8.27032629941442e-18,
            0.0
        ],
        "coil1": [
            -0.06721196323633194,
            0.01231702882796526,
            -0.004800000227987766
        ],
        "coil2": [
            0.06596333533525467,
            0.00973451603204012,
            -0.006099999882280827
        ],
        "coil3": [
            -0.0010084217647090554,
            0.10880698263645172,
            0.04129999876022339
        ],
        "coil4": [
            -0.03777037560939789,
            0.09709976613521576,
            0.039900001138448715
        ],
        "coil5": [
            0.03526879474520683,
            0.09811944514513016,
            0.042899999767541885
        ]
    },
    "HeadCoilCoordinateSystem": "ElektaNeuromag",
    "HeadCoilCoordinateUnits": "m",
    "AnatomicalLandmarkCoordinates": {
        "NAS": [
            -1.0408340855860843e-17,
            0.08607983589172363,
            0.0
        ],
        "LPA": [
            -0.07117943465709686,
            8.51795935939442e-18,
            0.0
        ],
        "RPA": [
            0.06745303422212601,
            -8.27032629941442e-18,
            0.0
        ],
        "coil1": [
            -0.06721196323633194,
            0.01231702882796526,
            -0.004800000227987766
        ],
        "coil2": [
            0.06596333533525467,
            0.00973451603204012,
            -0.006099999882280827
        ],
        "coil3": [
            -0.0010084217647090554,
            0.10880698263645172,
            0.04129999876022339
        ],
        "coil4": [
            -0.03777037560939789,
            0.09709976613521576,
            0.039900001138448715
        ],
        "coil5": [
            0.03526879474520683,
            0.09811944514513016,
            0.042899999767541885
        ]
    },
    "AnatomicalLandmarkCoordinateSystem": "ElektaNeuromag",
    "AnatomicalLandmarkCoordinateUnits": "m"
}
