{
    "Name": "RMSE Magnetometers",
    "Number of noisy channels with std above 1 std_threshold": 19,
    "Percent of noisy channels with std above 1 std_threshold": 18.627450980392158,
    "Noisy channels and  theirs std values in T/Hz ": [
        [
            "MEG 1131",
            3.34054230149924e-13
        ],
        [
            "MEG 1311",
            3.0480074858164723e-13
        ],
        [
            "MEG 1321",
            3.3948341194138665e-13
        ],
        [
            "MEG 1331",
            3.5468239334745327e-13
        ],
        [
            "MEG 1341",
            3.538964124188891e-13
        ],
        [
            "MEG 1411",
            3.167224287515524e-13
        ],
        [
            "MEG 1421",
            3.1203073090642813e-13
        ],
        [
            "MEG 1431",
            3.0693618113703256e-13
        ],
        [
            "MEG 1441",
            3.298343265448889e-13
        ],
        [
            "MEG 2221",
            3.435908929980756e-13
        ],
        [
            "MEG 2231",
            3.5776521945208127e-13
        ],
        [
            "MEG 2311",
            3.7073608311346006e-13
        ],
        [
            "MEG 2321",
            3.1719347480044154e-13
        ],
        [
            "MEG 2411",
            3.6179189488911585e-13
        ],
        [
            "MEG 2421",
            3.4792707004376605e-13
        ],
        [
            "MEG 2431",
            3.4421009204919843e-13
        ],
        [
            "MEG 2441",
            3.8596197711445326e-13
        ],
        [
            "MEG 2611",
            3.241050602779785e-13
        ],
        [
            "MEG 2641",
            3.1372808728682916e-13
        ]
    ],
    "Number of noisy channels with std below -1 std_threshold": 18,
    "Percent of noisy channels with std below -1 std_threshold": 17.647058823529413,
    "Flat channels and theirs std values in T/Hz ": [
        [
            "MEG 0521",
            1.7256347061347978e-13
        ],
        [
            "MEG 0531",
            1.580290566716131e-13
        ],
        [
            "MEG 0611",
            1.4899301466704354e-13
        ],
        [
            "MEG 0621",
            1.5015895082378307e-13
        ],
        [
            "MEG 0641",
            1.6121516578278291e-13
        ],
        [
            "MEG 0811",
            1.4945721802051352e-13
        ],
        [
            "MEG 0821",
            1.323555671723203e-13
        ],
        [
            "MEG 0911",
            1.3900016141801664e-13
        ],
        [
            "MEG 0921",
            1.6128146145983904e-13
        ],
        [
            "MEG 0931",
            1.7657971214568915e-13
        ],
        [
            "MEG 0941",
            1.3485375429773253e-13
        ],
        [
            "MEG 1011",
            1.3010760906940323e-13
        ],
        [
            "MEG 1021",
            1.427725433217758e-13
        ],
        [
            "MEG 1031",
            1.7139364797135114e-13
        ],
        [
            "MEG 1711",
            1.7228388578472356e-13
        ],
        [
            "MEG 1741",
            1.5192079744950107e-13
        ],
        [
            "MEG 2131",
            1.5973177548582463e-13
        ],
        [
            "MEG 2141",
            1.4036042184524307e-13
        ]
    ]
}