{
    "MEGCoordinateSystem": "ElektaNeuromag",
    "MEGCoordinateUnits": "m",
    "MEGCoordinateSystemDescription": "RAS orientation and the origin between the ears",
    "HeadCoilCoordinates": {
        "NAS": [
            1.9081958235744878e-17,
            0.08947687596082687,
            0.0
        ],
        "LPA": [
            -0.06399881839752197,
            -1.3464557325104403e-17,
            0.0
        ],
        "RPA": [
            0.07338997721672058,
            1.4885945612226736e-17,
            0.0
        ],
        "coil1": [
            -0.060644540935754776,
            0.006684970576316118,
            -0.007300000172108412
        ],
        "coil2": [
            0.06847196072340012,
            0.009755671955645084,
            -0.001500000013038516
        ],
        "coil3": [
            0.003555457340553403,
            0.10568547993898392,
            0.03629999980330467
        ],
        "coil4": [
            -0.033831000328063965,
            0.09681401401758194,
            0.04149999842047691
        ],
        "coil5": [
            0.04113290458917618,
            0.09183572977781296,
            0.0357000008225441
        ]
    },
    "HeadCoilCoordinateSystem": "ElektaNeuromag",
    "HeadCoilCoordinateUnits": "m",
    "AnatomicalLandmarkCoordinates": {
        "NAS": [
            1.9081958235744878e-17,
            0.08947687596082687,
            0.0
        ],
        "LPA": [
            -0.06399881839752197,
            -1.3464557325104403e-17,
            0.0
        ],
        "RPA": [
            0.07338997721672058,
            1.4885945612226736e-17,
            0.0
        ],
        "coil1": [
            -0.060644540935754776,
            0.006684970576316118,
            -0.007300000172108412
        ],
        "coil2": [
            0.06847196072340012,
            0.009755671955645084,
            -0.001500000013038516
        ],
        "coil3": [
            0.003555457340553403,
            0.10568547993898392,
            0.03629999980330467
        ],
        "coil4": [
            -0.033831000328063965,
            0.09681401401758194,
            0.04149999842047691
        ],
        "coil5": [
            0.04113290458917618,
            0.09183572977781296,
            0.0357000008225441
        ]
    },
    "AnatomicalLandmarkCoordinateSystem": "ElektaNeuromag",
    "AnatomicalLandmarkCoordinateUnits": "m"
}
