{
    "MEGCoordinateSystem": "ElektaNeuromag",
    "MEGCoordinateUnits": "m",
    "MEGCoordinateSystemDescription": "RAS orientation and the origin between the ears",
    "HeadCoilCoordinates": {
        "NAS": [
            1.214306433183765e-17,
            0.09449822455644608,
            0.0
        ],
        "LPA": [
            -0.06578096747398376,
            -8.379112130493718e-18,
            0.0
        ],
        "RPA": [
            0.06462148576974869,
            8.144706515689054e-18,
            0.0
        ],
        "coil1": [
            -0.06193871051073074,
            0.006876557599753141,
            -0.0052999998442828655
        ],
        "coil2": [
            0.05985838174819946,
            0.006029334384948015,
            -0.0032999999821186066
        ],
        "coil3": [
            -0.001998735358938575,
            0.11101079732179642,
            0.03920000046491623
        ],
        "coil4": [
            -0.035883985459804535,
            0.09721841663122177,
            0.04089999943971634
        ],
        "coil5": [
            0.03382880985736847,
            0.09909076988697052,
            0.039000000804662704
        ]
    },
    "HeadCoilCoordinateSystem": "ElektaNeuromag",
    "HeadCoilCoordinateUnits": "m",
    "AnatomicalLandmarkCoordinates": {
        "NAS": [
            1.214306433183765e-17,
            0.09449822455644608,
            0.0
        ],
        "LPA": [
            -0.06578096747398376,
            -8.379112130493718e-18,
            0.0
        ],
        "RPA": [
            0.06462148576974869,
            8.144706515689054e-18,
            0.0
        ],
        "coil1": [
            -0.06193871051073074,
            0.006876557599753141,
            -0.0052999998442828655
        ],
        "coil2": [
            0.05985838174819946,
            0.006029334384948015,
            -0.0032999999821186066
        ],
        "coil3": [
            -0.001998735358938575,
            0.11101079732179642,
            0.03920000046491623
        ],
        "coil4": [
            -0.035883985459804535,
            0.09721841663122177,
            0.04089999943971634
        ],
        "coil5": [
            0.03382880985736847,
            0.09909076988697052,
            0.039000000804662704
        ]
    },
    "AnatomicalLandmarkCoordinateSystem": "ElektaNeuromag",
    "AnatomicalLandmarkCoordinateUnits": "m"
}
