{
    "MEGCoordinateSystem": "ElektaNeuromag",
    "MEGCoordinateUnits": "m",
    "MEGCoordinateSystemDescription": "RAS orientation and the origin between the ears",
    "HeadCoilCoordinates": {
        "NAS": [
            1.431146867680866e-17,
            0.09762528538703918,
            0.0
        ],
        "LPA": [
            -0.06523268669843674,
            -1.0301619667590476e-17,
            0.0
        ],
        "RPA": [
            0.07287292927503586,
            1.1473067888004399e-17,
            0.0
        ],
        "coil1": [
            -0.06422866880893707,
            0.010147017426788807,
            -0.000699999975040555
        ],
        "coil2": [
            0.07026579231023788,
            0.007804027758538723,
            -0.001500000013038516
        ],
        "coil3": [
            0.0004361879255156964,
            0.11205337941646576,
            0.03840000182390213
        ],
        "coil4": [
            -0.03555887192487717,
            0.09843553602695465,
            0.03880000114440918
        ],
        "coil5": [
            0.03829634562134743,
            0.10102529078722,
            0.03590000048279762
        ]
    },
    "HeadCoilCoordinateSystem": "ElektaNeuromag",
    "HeadCoilCoordinateUnits": "m",
    "AnatomicalLandmarkCoordinates": {
        "NAS": [
            1.431146867680866e-17,
            0.09762528538703918,
            0.0
        ],
        "LPA": [
            -0.06523268669843674,
            -1.0301619667590476e-17,
            0.0
        ],
        "RPA": [
            0.07287292927503586,
            1.1473067888004399e-17,
            0.0
        ],
        "coil1": [
            -0.06422866880893707,
            0.010147017426788807,
            -0.000699999975040555
        ],
        "coil2": [
            0.07026579231023788,
            0.007804027758538723,
            -0.001500000013038516
        ],
        "coil3": [
            0.0004361879255156964,
            0.11205337941646576,
            0.03840000182390213
        ],
        "coil4": [
            -0.03555887192487717,
            0.09843553602695465,
            0.03880000114440918
        ],
        "coil5": [
            0.03829634562134743,
            0.10102529078722,
            0.03590000048279762
        ]
    },
    "AnatomicalLandmarkCoordinateSystem": "ElektaNeuromag",
    "AnatomicalLandmarkCoordinateUnits": "m"
}
