{
    "MEGCoordinateSystem": "ElektaNeuromag",
    "MEGCoordinateUnits": "m",
    "MEGCoordinateSystemDescription": "RAS orientation and the origin between the ears",
    "HeadCoilCoordinates": {
        "NAS": [
            3.0357660829594124e-18,
            0.08936794847249985,
            0.0
        ],
        "LPA": [
            -0.06483031809329987,
            -2.1170190581386022e-18,
            0.0
        ],
        "RPA": [
            0.06961788982152939,
            2.6760521179300087e-18,
            0.0
        ],
        "coil1": [
            -0.06230979412794113,
            0.010471244342625141,
            -0.006500000134110451
        ],
        "coil2": [
            0.06725087761878967,
            0.009940184652805328,
            -0.003700000001117587
        ],
        "coil3": [
            0.003334518289193511,
            0.10306213796138763,
            0.036400001496076584
        ],
        "coil4": [
            -0.03440016135573387,
            0.09264802187681198,
            0.03929999843239784
        ],
        "coil5": [
            0.04103974625468254,
            0.09216783195734024,
            0.03629999980330467
        ]
    },
    "HeadCoilCoordinateSystem": "ElektaNeuromag",
    "HeadCoilCoordinateUnits": "m",
    "AnatomicalLandmarkCoordinates": {
        "NAS": [
            3.0357660829594124e-18,
            0.08936794847249985,
            0.0
        ],
        "LPA": [
            -0.06483031809329987,
            -2.1170190581386022e-18,
            0.0
        ],
        "RPA": [
            0.06961788982152939,
            2.6760521179300087e-18,
            0.0
        ],
        "coil1": [
            -0.06230979412794113,
            0.010471244342625141,
            -0.006500000134110451
        ],
        "coil2": [
            0.06725087761878967,
            0.009940184652805328,
            -0.003700000001117587
        ],
        "coil3": [
            0.003334518289193511,
            0.10306213796138763,
            0.036400001496076584
        ],
        "coil4": [
            -0.03440016135573387,
            0.09264802187681198,
            0.03929999843239784
        ],
        "coil5": [
            0.04103974625468254,
            0.09216783195734024,
            0.03629999980330467
        ]
    },
    "AnatomicalLandmarkCoordinateSystem": "ElektaNeuromag",
    "AnatomicalLandmarkCoordinateUnits": "m"
}
