{
    "MEGCoordinateSystem": "ElektaNeuromag",
    "MEGCoordinateUnits": "m",
    "MEGCoordinateSystemDescription": "RAS orientation and the origin between the ears",
    "HeadCoilCoordinates": {
        "NAS": [
            1.3769367590565906e-17,
            0.09849546104669571,
            0.0
        ],
        "LPA": [
            -0.07195758819580078,
            -1.0047896076760248e-17,
            0.0
        ],
        "RPA": [
            0.0738491341471672,
            1.0339839547793489e-17,
            0.0
        ],
        "coil1": [
            -0.06271274387836456,
            0.005789033602923155,
            -0.004399999976158142
        ],
        "coil2": [
            0.06867639720439911,
            0.007550680544227362,
            -0.005200000014156103
        ],
        "coil3": [
            0.0001972474274225533,
            0.10919784754514694,
            0.04839999973773956
        ],
        "coil4": [
            -0.037394434213638306,
            0.09773637354373932,
            0.05220000073313713
        ],
        "coil5": [
            0.03518589586019516,
            0.10013338178396225,
            0.045499999076128006
        ]
    },
    "HeadCoilCoordinateSystem": "ElektaNeuromag",
    "HeadCoilCoordinateUnits": "m",
    "AnatomicalLandmarkCoordinates": {
        "NAS": [
            1.3769367590565906e-17,
            0.09849546104669571,
            0.0
        ],
        "LPA": [
            -0.07195758819580078,
            -1.0047896076760248e-17,
            0.0
        ],
        "RPA": [
            0.0738491341471672,
            1.0339839547793489e-17,
            0.0
        ],
        "coil1": [
            -0.06271274387836456,
            0.005789033602923155,
            -0.004399999976158142
        ],
        "coil2": [
            0.06867639720439911,
            0.007550680544227362,
            -0.005200000014156103
        ],
        "coil3": [
            0.0001972474274225533,
            0.10919784754514694,
            0.04839999973773956
        ],
        "coil4": [
            -0.037394434213638306,
            0.09773637354373932,
            0.05220000073313713
        ],
        "coil5": [
            0.03518589586019516,
            0.10013338178396225,
            0.045499999076128006
        ]
    },
    "AnatomicalLandmarkCoordinateSystem": "ElektaNeuromag",
    "AnatomicalLandmarkCoordinateUnits": "m"
}
