{
    "MEGCoordinateSystem": "ElektaNeuromag",
    "MEGCoordinateUnits": "m",
    "MEGCoordinateSystemDescription": "RAS orientation and the origin between the ears",
    "HeadCoilCoordinates": {
        "NAS": [
            3.469446951953614e-18,
            0.10168618708848953,
            0.0
        ],
        "LPA": [
            -0.07448603212833405,
            -2.8084764961693885e-18,
            0.0
        ],
        "RPA": [
            0.07113374024629593,
            2.8433374026999765e-18,
            0.0
        ],
        "coil1": [
            -0.06943672150373459,
            0.009018005803227425,
            -0.00800000037997961
        ],
        "coil2": [
            0.06924279034137726,
            0.006632066331803799,
            -0.0024999999441206455
        ],
        "coil3": [
            0.006385396234691143,
            0.11288246512413025,
            0.038100000470876694
        ],
        "coil4": [
            -0.03245767951011658,
            0.10452151298522949,
            0.04410000145435333
        ],
        "coil5": [
            0.045778945088386536,
            0.10003146529197693,
            0.03840000182390213
        ]
    },
    "HeadCoilCoordinateSystem": "ElektaNeuromag",
    "HeadCoilCoordinateUnits": "m",
    "AnatomicalLandmarkCoordinates": {
        "NAS": [
            3.469446951953614e-18,
            0.10168618708848953,
            0.0
        ],
        "LPA": [
            -0.07448603212833405,
            -2.8084764961693885e-18,
            0.0
        ],
        "RPA": [
            0.07113374024629593,
            2.8433374026999765e-18,
            0.0
        ],
        "coil1": [
            -0.06943672150373459,
            0.009018005803227425,
            -0.00800000037997961
        ],
        "coil2": [
            0.06924279034137726,
            0.006632066331803799,
            -0.0024999999441206455
        ],
        "coil3": [
            0.006385396234691143,
            0.11288246512413025,
            0.038100000470876694
        ],
        "coil4": [
            -0.03245767951011658,
            0.10452151298522949,
            0.04410000145435333
        ],
        "coil5": [
            0.045778945088386536,
            0.10003146529197693,
            0.03840000182390213
        ]
    },
    "AnatomicalLandmarkCoordinateSystem": "ElektaNeuromag",
    "AnatomicalLandmarkCoordinateUnits": "m"
}
