{
    "MEGCoordinateSystem": "ElektaNeuromag",
    "MEGCoordinateUnits": "m",
    "MEGCoordinateSystemDescription": "RAS orientation and the origin between the ears",
    "HeadCoilCoordinates": {
        "NAS": [
            -2.168404344971009e-18,
            0.10196920484304428,
            0.0
        ],
        "LPA": [
            -0.06261350214481354,
            1.3759134125617707e-18,
            0.0
        ],
        "RPA": [
            0.06762581318616867,
            -1.1081410896055188e-18,
            0.0
        ],
        "coil1": [
            -0.057221584022045135,
            0.008535057306289673,
            -0.009399999864399433
        ],
        "coil2": [
            0.06261596083641052,
            0.008479466661810875,
            -0.00800000037997961
        ],
        "coil3": [
            -0.0007610605098307133,
            0.11665493994951248,
            0.04230000078678131
        ],
        "coil4": [
            -0.03700925409793854,
            0.10596109181642532,
            0.04360000044107437
        ],
        "coil5": [
            0.03675372526049614,
            0.10837418586015701,
            0.04490000009536743
        ]
    },
    "HeadCoilCoordinateSystem": "ElektaNeuromag",
    "HeadCoilCoordinateUnits": "m",
    "AnatomicalLandmarkCoordinates": {
        "NAS": [
            -2.168404344971009e-18,
            0.10196920484304428,
            0.0
        ],
        "LPA": [
            -0.06261350214481354,
            1.3759134125617707e-18,
            0.0
        ],
        "RPA": [
            0.06762581318616867,
            -1.1081410896055188e-18,
            0.0
        ],
        "coil1": [
            -0.057221584022045135,
            0.008535057306289673,
            -0.009399999864399433
        ],
        "coil2": [
            0.06261596083641052,
            0.008479466661810875,
            -0.00800000037997961
        ],
        "coil3": [
            -0.0007610605098307133,
            0.11665493994951248,
            0.04230000078678131
        ],
        "coil4": [
            -0.03700925409793854,
            0.10596109181642532,
            0.04360000044107437
        ],
        "coil5": [
            0.03675372526049614,
            0.10837418586015701,
            0.04490000009536743
        ]
    },
    "AnatomicalLandmarkCoordinateSystem": "ElektaNeuromag",
    "AnatomicalLandmarkCoordinateUnits": "m"
}
