{
    "MEGCoordinateSystem": "ElektaNeuromag",
    "MEGCoordinateUnits": "m",
    "MEGCoordinateSystemDescription": "RAS orientation and the origin between the ears",
    "HeadCoilCoordinates": {
        "NAS": [
            3.0357660829594124e-18,
            0.10269033908843994,
            0.0
        ],
        "LPA": [
            -0.06419730931520462,
            -1.7185292441369736e-18,
            0.0
        ],
        "RPA": [
            0.06701503694057465,
            1.8793661390442078e-18,
            0.0
        ],
        "coil1": [
            -0.061129309237003326,
            0.009642994962632656,
            0.00039999998989515007
        ],
        "coil2": [
            0.06476844847202301,
            0.010670185089111328,
            0.0005000000237487257
        ],
        "coil3": [
            0.004226736258715391,
            0.11534950882196426,
            0.04010000079870224
        ],
        "coil4": [
            -0.033413320779800415,
            0.10343203693628311,
            0.04670000076293945
        ],
        "coil5": [
            0.04312063753604889,
            0.10148175805807114,
            0.03909999877214432
        ]
    },
    "HeadCoilCoordinateSystem": "ElektaNeuromag",
    "HeadCoilCoordinateUnits": "m",
    "AnatomicalLandmarkCoordinates": {
        "NAS": [
            3.0357660829594124e-18,
            0.10269033908843994,
            0.0
        ],
        "LPA": [
            -0.06419730931520462,
            -1.7185292441369736e-18,
            0.0
        ],
        "RPA": [
            0.06701503694057465,
            1.8793661390442078e-18,
            0.0
        ],
        "coil1": [
            -0.061129309237003326,
            0.009642994962632656,
            0.00039999998989515007
        ],
        "coil2": [
            0.06476844847202301,
            0.010670185089111328,
            0.0005000000237487257
        ],
        "coil3": [
            0.004226736258715391,
            0.11534950882196426,
            0.04010000079870224
        ],
        "coil4": [
            -0.033413320779800415,
            0.10343203693628311,
            0.04670000076293945
        ],
        "coil5": [
            0.04312063753604889,
            0.10148175805807114,
            0.03909999877214432
        ]
    },
    "AnatomicalLandmarkCoordinateSystem": "ElektaNeuromag",
    "AnatomicalLandmarkCoordinateUnits": "m"
}
