{
    "MEGCoordinateSystem": "ElektaNeuromag",
    "MEGCoordinateUnits": "m",
    "MEGCoordinateSystemDescription": "RAS orientation and the origin between the ears",
    "HeadCoilCoordinates": {
        "NAS": [
            5.204170427930421e-18,
            0.09811599552631378,
            0.0
        ],
        "LPA": [
            -0.0709032490849495,
            -2.8937573697575337e-18,
            0.0
        ],
        "RPA": [
            0.07902500033378601,
            3.0083018254662737e-18,
            0.0
        ],
        "coil1": [
            -0.06930608302354813,
            0.009774409234523773,
            -0.004100000020116568
        ],
        "coil2": [
            0.07309963554143906,
            0.010163662023842335,
            -0.005400000140070915
        ],
        "coil3": [
            0.002472249325364828,
            0.11092919111251831,
            0.04560000076889992
        ],
        "coil4": [
            -0.034532517194747925,
            0.09818803519010544,
            0.048500001430511475
        ],
        "coil5": [
            0.038075678050518036,
            0.09949172288179398,
            0.039799999445676804
        ]
    },
    "HeadCoilCoordinateSystem": "ElektaNeuromag",
    "HeadCoilCoordinateUnits": "m",
    "AnatomicalLandmarkCoordinates": {
        "NAS": [
            5.204170427930421e-18,
            0.09811599552631378,
            0.0
        ],
        "LPA": [
            -0.0709032490849495,
            -2.8937573697575337e-18,
            0.0
        ],
        "RPA": [
            0.07902500033378601,
            3.0083018254662737e-18,
            0.0
        ],
        "coil1": [
            -0.06930608302354813,
            0.009774409234523773,
            -0.004100000020116568
        ],
        "coil2": [
            0.07309963554143906,
            0.010163662023842335,
            -0.005400000140070915
        ],
        "coil3": [
            0.002472249325364828,
            0.11092919111251831,
            0.04560000076889992
        ],
        "coil4": [
            -0.034532517194747925,
            0.09818803519010544,
            0.048500001430511475
        ],
        "coil5": [
            0.038075678050518036,
            0.09949172288179398,
            0.039799999445676804
        ]
    },
    "AnatomicalLandmarkCoordinateSystem": "ElektaNeuromag",
    "AnatomicalLandmarkCoordinateUnits": "m"
}
