{
    "MEGCoordinateSystem": "ElektaNeuromag",
    "MEGCoordinateUnits": "m",
    "MEGCoordinateSystemDescription": "RAS orientation and the origin between the ears",
    "HeadCoilCoordinates": {
        "NAS": [
            2.6020852139652106e-18,
            0.10061442852020264,
            0.0
        ],
        "LPA": [
            -0.07451031357049942,
            -2.30677780617587e-18,
            0.0
        ],
        "RPA": [
            0.06620926409959793,
            1.9332000872849245e-18,
            0.0
        ],
        "coil1": [
            -0.06893141567707062,
            0.009077770635485649,
            -0.00989999994635582
        ],
        "coil2": [
            0.0657644122838974,
            0.008625665679574013,
            -0.0027000000700354576
        ],
        "coil3": [
            0.0050588552840054035,
            0.11892147362232208,
            0.04129999876022339
        ],
        "coil4": [
            -0.031065186485648155,
            0.11180434376001358,
            0.03539999946951866
        ],
        "coil5": [
            0.03906478360295296,
            0.10380701720714569,
            0.0414000004529953
        ]
    },
    "HeadCoilCoordinateSystem": "ElektaNeuromag",
    "HeadCoilCoordinateUnits": "m",
    "AnatomicalLandmarkCoordinates": {
        "NAS": [
            2.6020852139652106e-18,
            0.10061442852020264,
            0.0
        ],
        "LPA": [
            -0.07451031357049942,
            -2.30677780617587e-18,
            0.0
        ],
        "RPA": [
            0.06620926409959793,
            1.9332000872849245e-18,
            0.0
        ],
        "coil1": [
            -0.06893141567707062,
            0.009077770635485649,
            -0.00989999994635582
        ],
        "coil2": [
            0.0657644122838974,
            0.008625665679574013,
            -0.0027000000700354576
        ],
        "coil3": [
            0.0050588552840054035,
            0.11892147362232208,
            0.04129999876022339
        ],
        "coil4": [
            -0.031065186485648155,
            0.11180434376001358,
            0.03539999946951866
        ],
        "coil5": [
            0.03906478360295296,
            0.10380701720714569,
            0.0414000004529953
        ]
    },
    "AnatomicalLandmarkCoordinateSystem": "ElektaNeuromag",
    "AnatomicalLandmarkCoordinateUnits": "m"
}
