{
    "MEGCoordinateSystem": "ElektaNeuromag",
    "MEGCoordinateUnits": "m",
    "MEGCoordinateSystemDescription": "RAS orientation and the origin between the ears",
    "HeadCoilCoordinates": {
        "NAS": [
            2.0383000842727483e-17,
            0.10049756616353989,
            0.0
        ],
        "LPA": [
            -0.07250158488750458,
            -1.475541651156587e-17,
            0.0
        ],
        "RPA": [
            0.07110189646482468,
            1.4476150410600616e-17,
            0.0
        ],
        "coil1": [
            -0.07004524022340775,
            0.008083091117441654,
            -0.006099999882280827
        ],
        "coil2": [
            0.06536053121089935,
            0.008440185338258743,
            -0.00800000037997961
        ],
        "coil3": [
            0.003391143400222063,
            0.11357426643371582,
            0.03310000151395798
        ],
        "coil4": [
            -0.03487199544906616,
            0.10464049875736237,
            0.03909999877214432
        ],
        "coil5": [
            0.04140874370932579,
            0.1016092374920845,
            0.03350000083446503
        ]
    },
    "HeadCoilCoordinateSystem": "ElektaNeuromag",
    "HeadCoilCoordinateUnits": "m",
    "AnatomicalLandmarkCoordinates": {
        "NAS": [
            2.0383000842727483e-17,
            0.10049756616353989,
            0.0
        ],
        "LPA": [
            -0.07250158488750458,
            -1.475541651156587e-17,
            0.0
        ],
        "RPA": [
            0.07110189646482468,
            1.4476150410600616e-17,
            0.0
        ],
        "coil1": [
            -0.07004524022340775,
            0.008083091117441654,
            -0.006099999882280827
        ],
        "coil2": [
            0.06536053121089935,
            0.008440185338258743,
            -0.00800000037997961
        ],
        "coil3": [
            0.003391143400222063,
            0.11357426643371582,
            0.03310000151395798
        ],
        "coil4": [
            -0.03487199544906616,
            0.10464049875736237,
            0.03909999877214432
        ],
        "coil5": [
            0.04140874370932579,
            0.1016092374920845,
            0.03350000083446503
        ]
    },
    "AnatomicalLandmarkCoordinateSystem": "ElektaNeuromag",
    "AnatomicalLandmarkCoordinateUnits": "m"
}
