{
    "MEGCoordinateSystem": "ElektaNeuromag",
    "MEGCoordinateUnits": "m",
    "MEGCoordinateSystemDescription": "RAS orientation and the origin between the ears",
    "HeadCoilCoordinates": {
        "NAS": [
            9.107298248878237e-18,
            0.09365027397871017,
            0.0
        ],
        "LPA": [
            -0.06448353826999664,
            -6.324730910650388e-18,
            0.0
        ],
        "RPA": [
            0.07058814913034439,
            6.4546048842661135e-18,
            0.0
        ],
        "coil1": [
            -0.0586734376847744,
            0.00899403914809227,
            -0.008200000040233135
        ],
        "coil2": [
            0.06547041982412338,
            0.012740049511194229,
            -0.007600000128149986
        ],
        "coil3": [
            -0.0005582221201620996,
            0.10463792085647583,
            0.04259999841451645
        ],
        "coil4": [
            -0.03746825084090233,
            0.0859256312251091,
            0.04540000110864639
        ],
        "coil5": [
            0.03767022117972374,
            0.09517820179462433,
            0.04149999842047691
        ]
    },
    "HeadCoilCoordinateSystem": "ElektaNeuromag",
    "HeadCoilCoordinateUnits": "m",
    "AnatomicalLandmarkCoordinates": {
        "NAS": [
            9.107298248878237e-18,
            0.09365027397871017,
            0.0
        ],
        "LPA": [
            -0.06448353826999664,
            -6.324730910650388e-18,
            0.0
        ],
        "RPA": [
            0.07058814913034439,
            6.4546048842661135e-18,
            0.0
        ],
        "coil1": [
            -0.0586734376847744,
            0.00899403914809227,
            -0.008200000040233135
        ],
        "coil2": [
            0.06547041982412338,
            0.012740049511194229,
            -0.007600000128149986
        ],
        "coil3": [
            -0.0005582221201620996,
            0.10463792085647583,
            0.04259999841451645
        ],
        "coil4": [
            -0.03746825084090233,
            0.0859256312251091,
            0.04540000110864639
        ],
        "coil5": [
            0.03767022117972374,
            0.09517820179462433,
            0.04149999842047691
        ]
    },
    "AnatomicalLandmarkCoordinateSystem": "ElektaNeuromag",
    "AnatomicalLandmarkCoordinateUnits": "m"
}
