{
    "MEGCoordinateSystem": "ElektaNeuromag",
    "MEGCoordinateUnits": "m",
    "MEGCoordinateSystemDescription": "RAS orientation and the origin between the ears",
    "HeadCoilCoordinates": {
        "NAS": [
            1.951563910473908e-18,
            0.09779961407184601,
            0.0
        ],
        "LPA": [
            -0.07092556357383728,
            -1.4369174657496736e-18,
            0.0
        ],
        "RPA": [
            0.07147499918937683,
            1.427385863551225e-18,
            0.0
        ],
        "coil1": [
            -0.07035365700721741,
            0.010001646354794502,
            -0.002400000113993883
        ],
        "coil2": [
            0.06585086137056351,
            0.008584235794842243,
            -0.006800000090152025
        ],
        "coil3": [
            -0.004331724252551794,
            0.1090874895453453,
            0.03819999843835831
        ],
        "coil4": [
            -0.03979450464248657,
            0.09578782320022583,
            0.039000000804662704
        ],
        "coil5": [
            0.03309790417551994,
            0.09859258681535721,
            0.03629999980330467
        ]
    },
    "HeadCoilCoordinateSystem": "ElektaNeuromag",
    "HeadCoilCoordinateUnits": "m",
    "AnatomicalLandmarkCoordinates": {
        "NAS": [
            1.951563910473908e-18,
            0.09779961407184601,
            0.0
        ],
        "LPA": [
            -0.07092556357383728,
            -1.4369174657496736e-18,
            0.0
        ],
        "RPA": [
            0.07147499918937683,
            1.427385863551225e-18,
            0.0
        ],
        "coil1": [
            -0.07035365700721741,
            0.010001646354794502,
            -0.002400000113993883
        ],
        "coil2": [
            0.06585086137056351,
            0.008584235794842243,
            -0.006800000090152025
        ],
        "coil3": [
            -0.004331724252551794,
            0.1090874895453453,
            0.03819999843835831
        ],
        "coil4": [
            -0.03979450464248657,
            0.09578782320022583,
            0.039000000804662704
        ],
        "coil5": [
            0.03309790417551994,
            0.09859258681535721,
            0.03629999980330467
        ]
    },
    "AnatomicalLandmarkCoordinateSystem": "ElektaNeuromag",
    "AnatomicalLandmarkCoordinateUnits": "m"
}
