{
    "MEGCoordinateSystem": "ElektaNeuromag",
    "MEGCoordinateUnits": "m",
    "MEGCoordinateSystemDescription": "RAS orientation and the origin between the ears",
    "HeadCoilCoordinates": {
        "NAS": [
            0.0,
            0.10849999636411667,
            0.0
        ],
        "LPA": [
            -0.07479999959468842,
            0.0,
            0.0
        ],
        "RPA": [
            0.07479999959468842,
            0.0,
            0.0
        ],
        "coil1": [
            -0.07079999893903732,
            0.0066999997943639755,
            -0.007199999876320362
        ],
        "coil2": [
            0.07320000231266022,
            0.011300000362098217,
            -0.002899999963119626
        ],
        "coil3": [
            0.009700000286102295,
            0.11869999766349792,
            0.03909999877214432
        ],
        "coil4": [
            -0.030300000682473183,
            0.11050000041723251,
            0.0406000018119812
        ],
        "coil5": [
            0.04529999941587448,
            0.1062999963760376,
            0.04179999977350235
        ]
    },
    "HeadCoilCoordinateSystem": "ElektaNeuromag",
    "HeadCoilCoordinateUnits": "m",
    "AnatomicalLandmarkCoordinates": {
        "NAS": [
            0.0,
            0.10849999636411667,
            0.0
        ],
        "LPA": [
            -0.07479999959468842,
            0.0,
            0.0
        ],
        "RPA": [
            0.07479999959468842,
            0.0,
            0.0
        ],
        "coil1": [
            -0.07079999893903732,
            0.0066999997943639755,
            -0.007199999876320362
        ],
        "coil2": [
            0.07320000231266022,
            0.011300000362098217,
            -0.002899999963119626
        ],
        "coil3": [
            0.009700000286102295,
            0.11869999766349792,
            0.03909999877214432
        ],
        "coil4": [
            -0.030300000682473183,
            0.11050000041723251,
            0.0406000018119812
        ],
        "coil5": [
            0.04529999941587448,
            0.1062999963760376,
            0.04179999977350235
        ]
    },
    "AnatomicalLandmarkCoordinateSystem": "ElektaNeuromag",
    "AnatomicalLandmarkCoordinateUnits": "m"
}
