{
    "MEGCoordinateSystem": "ElektaNeuromag",
    "MEGCoordinateUnits": "m",
    "MEGCoordinateSystemDescription": "RAS orientation and the origin between the ears",
    "HeadCoilCoordinates": {
        "NAS": [
            1.6479873021779667e-17,
            0.09399024397134781,
            0.0
        ],
        "LPA": [
            -0.0707615315914154,
            -1.2558021140486101e-17,
            0.0
        ],
        "RPA": [
            0.06805288046598434,
            1.2165093805911162e-17,
            0.0
        ],
        "coil1": [
            -0.06664755195379257,
            0.0009408245095983148,
            -0.00860000029206276
        ],
        "coil2": [
            0.06501083076000214,
            0.0040442487224936485,
            -0.007199999876320362
        ],
        "coil3": [
            -0.00025299968547187746,
            0.10419494658708572,
            0.036400001496076584
        ],
        "coil4": [
            -0.037304773926734924,
            0.09392771124839783,
            0.03889999911189079
        ],
        "coil5": [
            0.03841762617230415,
            0.09493683278560638,
            0.03840000182390213
        ]
    },
    "HeadCoilCoordinateSystem": "ElektaNeuromag",
    "HeadCoilCoordinateUnits": "m",
    "AnatomicalLandmarkCoordinates": {
        "NAS": [
            1.6479873021779667e-17,
            0.09399024397134781,
            0.0
        ],
        "LPA": [
            -0.0707615315914154,
            -1.2558021140486101e-17,
            0.0
        ],
        "RPA": [
            0.06805288046598434,
            1.2165093805911162e-17,
            0.0
        ],
        "coil1": [
            -0.06664755195379257,
            0.0009408245095983148,
            -0.00860000029206276
        ],
        "coil2": [
            0.06501083076000214,
            0.0040442487224936485,
            -0.007199999876320362
        ],
        "coil3": [
            -0.00025299968547187746,
            0.10419494658708572,
            0.036400001496076584
        ],
        "coil4": [
            -0.037304773926734924,
            0.09392771124839783,
            0.03889999911189079
        ],
        "coil5": [
            0.03841762617230415,
            0.09493683278560638,
            0.03840000182390213
        ]
    },
    "AnatomicalLandmarkCoordinateSystem": "ElektaNeuromag",
    "AnatomicalLandmarkCoordinateUnits": "m"
}
